{
    "layout": [
        {
            "entity_id": "entity-uuid-1",
            "x_coord": 31.18911082474216,
            "y_coord": 408.9106529209622
        },
        {
            "entity_id": "entity-uuid-2",
            "x_coord": 458.8242030939348,
            "y_coord": 371.3733668706878
        }
    ]
}