{
    "layout": [
        {
            "entity_id": "e1000000-0000-4000-8000-000000000001",
            "x_coord": 31.18911082474216,
            "y_coord": 587.4106529209622
        },
        {
            "entity_id": "e2000000-0000-4000-8000-000000000002",
            "x_coord": 458.8242030939348,
            "y_coord": 549.8733668706877
        },
        {
            "entity_id": "3e102edd-5a58-4a71-9db3-1a13ee6261a2",
            "x_coord": 196.51117216561607,
            "y_coord": 449.7678003152504
        },
        {
            "entity_id": "8ca55e7d-c0f1-4ef1-8239-c15fd7e8c69e",
            "x_coord": -238.66624529612125,
            "y_coord": 491.35116843253127
        }
    ]
}