{
    "layout": [
        {
            "entity_id": "entity-uuid-1",
            "x_coord": 31.189110824742215,
            "y_coord": 383.4106529209622
        },
        {
            "entity_id": "entity-uuid-2",
            "x_coord": 523.4292864695602,
            "y_coord": 182.1927133891192
        }
    ]
}